{
  "machine_name": "Lこのすば2",
  "machine_kw": {
    "1": 0.979, "2": 1.005, "3": 1.028,
    "4": 1.071, "5": 1.123, "6": 1.224
  },
  "settings": ["1","2","3","4","5","6"],
  "elements": [
    {
      "name": "AT当選確率",
      "p": {
        "1": 0.002270,
        "2": 0.002572,
        "3": 0.002857,
        "4": 0.003279,
        "5": 0.003817,
        "6": 0.005769
      }
    },
    {
      "name": "ボーナス合算確率",
      "p": {
        "1": 0.004149,
        "2": 0.004415,
        "3": 0.004562,
        "4": 0.004896,
        "5": 0.005215,
        "6": 0.006116
      }
    },
    {
      "name": "スイカ確率",
      "p": {
        "1": 0.022222,
        "2": 0.022624,
        "3": 0.023256,
        "4": 0.023923,
        "5": 0.024938,
        "6": 0.026247
      }
    },
    {
      "name": "強チェリー確率",
      "p": {
        "1": 0.004717,
        "2": 0.005051,
        "3": 0.005376,
        "4": 0.006173,
        "5": 0.007299,
        "6": 0.010101
      }
    }
  ]
}
