{
  "machine_name": "Lゴールデンジャーニー",
  "machine_kw": {
    "1": 0.976, "2": 0.991, "3": 1.007,
    "4": 1.026, "5": 1.053, "6": 1.094
  },
  "settings": ["1","2","3","4","5","6"],
  "elements": [
    {
      "name": "AT初当り確率",
      "p": {
        "1": 0.003311, "2": 0.003650, "3": 0.004065,
        "4": 0.004608, "5": 0.005348, "6": 0.006579
      }
    },
    {
      "name": "ジャーニーボーナス突入率",
      "p": {
        "1": 0.370, "2": 0.407, "3": 0.453,
        "4": 0.510, "5": 0.587, "6": 0.699
      }
    },
    {
      "name": "スイカ確率",
      "p": {
        "1": 0.06250, "2": 0.06667, "3": 0.07143,
        "4": 0.07692, "5": 0.08333, "6": 0.09091
      }
    }
  ]
}
