{
  "machine_name": "Lモンキーターン4",
  "machine_kw": {
    "1": 0.976, "2": 0.990, "3": 1.006,
    "4": 1.023, "5": 1.050, "6": 1.090
  },
  "settings": ["1","2","3","4","5","6"],
  "elements": [
    {
      "name": "AT初当り確率",
      "p": {
        "1": 0.002924, "2": 0.003205, "3": 0.003546,
        "4": 0.003984, "5": 0.004587, "6": 0.005714
      }
    },
    {
      "name": "勝利ボーナス突入率",
      "p": {
        "1": 0.350, "2": 0.383, "3": 0.423,
        "4": 0.472, "5": 0.540, "6": 0.645
      }
    },
    {
      "name": "スイカ確率",
      "p": {
        "1": 0.05556, "2": 0.05882, "3": 0.06250,
        "4": 0.06667, "5": 0.07143, "6": 0.07692
      }
    }
  ]
}
