{
  "machine_name": "Re:ゼロから始める異世界生活",
  "machine_kw": {
    "1": 0.972, "2": 0.986, "3": 1.003,
    "4": 1.022, "5": 1.048, "6": 1.082
  },
  "settings": ["1","2","3","4","5","6"],
  "elements": [
    {
      "name": "AT初当り確率",
      "p": {
        "1": 0.002381, "2": 0.002618, "3": 0.002890,
        "4": 0.003215, "5": 0.003676, "6": 0.004405
      }
    },
    {
      "name": "白鯨攻略戦突破率",
      "p": {
        "1": 0.322, "2": 0.350, "3": 0.385,
        "4": 0.432, "5": 0.490, "6": 0.580
      }
    },
    {
      "name": "スバルの加護発動率",
      "p": {
        "1": 0.080, "2": 0.095, "3": 0.115,
        "4": 0.140, "5": 0.175, "6": 0.240
      }
    },
    {
      "name": "スイカ確率",
      "p": {
        "1": 0.05556, "2": 0.05882, "3": 0.06250,
        "4": 0.06667, "5": 0.07143, "6": 0.07692
      }
    }
  ]
}
