{
  "machine_name": "SLUMPスロット",
  "machine_kw": {
    "1": 0.972, "2": 0.985, "3": 1.001,
    "4": 1.020, "5": 1.044, "6": 1.080
  },
  "settings": ["1","2","3","4","5","6"],
  "elements": [
    {
      "name": "AT当選確率",
      "p": {
        "1": 0.002532, "2": 0.002762, "3": 0.003040,
        "4": 0.003390, "5": 0.003861, "6": 0.004673
      }
    },
    {
      "name": "JACKPOT突入率",
      "p": {
        "1": 0.320, "2": 0.350, "3": 0.385,
        "4": 0.430, "5": 0.490, "6": 0.590
      }
    },
    {
      "name": "チェリー確率",
      "p": {
        "1": 0.07143, "2": 0.07692, "3": 0.08333,
        "4": 0.09091, "5": 0.10000, "6": 0.11111
      }
    },
    {
      "name": "スイカ確率",
      "p": {
        "1": 0.05556, "2": 0.05882, "3": 0.06250,
        "4": 0.06667, "5": 0.07143, "6": 0.07692
      }
    }
  ]
}
