{
  "machine_name": "まどか☆マギカ前後篇",
  "machine_kw": {
    "1": 0.969, "2": 0.981, "3": 0.994,
    "4": 1.018, "5": 1.049, "6": 1.120
  },
  "settings": ["1","2","3","4","5","6"],
  "elements": [
    {
      "name": "ボーナス合算確率",
      "p": {
        "1": 0.004386,
        "2": 0.004673,
        "3": 0.005038,
        "4": 0.005587,
        "5": 0.006250,
        "6": 0.007752
      }
    },
    {
      "name": "ART確率",
      "p": {
        "1": 0.007246,
        "2": 0.007519,
        "3": 0.007874,
        "4": 0.008475,
        "5": 0.009434,
        "6": 0.012346
      }
    },
    {
      "name": "ワルプルギスの夜確率",
      "p": {
        "1": 0.000977,
        "2": 0.000977,
        "3": 0.001068,
        "4": 0.001178,
        "5": 0.001311,
        "6": 0.001776
      }
    },
    {
      "name": "スイカ確率",
      "p": {
        "1": 0.022222,
        "2": 0.022222,
        "3": 0.022727,
        "4": 0.023256,
        "5": 0.023810,
        "6": 0.025000
      }
    }
  ]
}
