{
  "machine_name": "アレックス",
  "machine_kw": {
    "1": 0.970, "2": 0.985, "3": 1.000,
    "4": 1.025, "5": 1.055, "6": 1.110
  },
  "settings": ["1","2","3","4","5","6"],
  "elements": [
    {
      "name": "BB確率",
      "p": {
        "1": 0.003861, "2": 0.004098, "3": 0.004367,
        "4": 0.004784, "5": 0.005236, "6": 0.006024
      }
    },
    {
      "name": "RB確率",
      "p": {
        "1": 0.002703, "2": 0.003030, "3": 0.003413,
        "4": 0.003953, "5": 0.004651, "6": 0.005714
      }
    },
    {
      "name": "スイカ確率",
      "p": {
        "1": 0.047619, "2": 0.048780, "3": 0.050000,
        "4": 0.051282, "5": 0.053191, "6": 0.056604
      }
    },
    {
      "name": "チェリー確率",
      "p": {
        "1": 0.020619, "2": 0.021277, "3": 0.022222,
        "4": 0.023810, "5": 0.025641, "6": 0.028571
      }
    }
  ]
}
