{
  "machine_name": "アナザーゴッドハーデス",
  "machine_kw": {
    "1": 0.978, "2": 0.992, "3": 1.010,
    "4": 1.031, "5": 1.055, "6": 1.097
  },
  "settings": ["1","2","3","4","5","6"],
  "elements": [
    {
      "name": "神罰ステージ突入率",
      "p": {
        "1": 0.002809, "2": 0.003058, "3": 0.003378,
        "4": 0.003788, "5": 0.004333, "6": 0.005291
      }
    },
    {
      "name": "AT当選率",
      "p": {
        "1": 0.003058, "2": 0.003344, "3": 0.003727,
        "4": 0.004237, "5": 0.004926, "6": 0.006097
      }
    },
    {
      "name": "ゲルニカ突入率",
      "p": {
        "1": 0.290, "2": 0.320, "3": 0.360,
        "4": 0.410, "5": 0.475, "6": 0.580
      }
    },
    {
      "name": "スイカ確率",
      "p": {
        "1": 0.04762, "2": 0.05000, "3": 0.05263,
        "4": 0.05556, "5": 0.05882, "6": 0.06250
      }
    }
  ]
}
