{
  "machine_name": "ウルトラミラクルジャグラー",
  "machine_kw": {
    "1": 0.980, "2": 0.995, "3": 1.008,
    "4": 1.022, "5": 1.038, "6": 1.055
  },
  "settings": ["1","2","3","4","5","6"],
  "elements": [
    {
      "name": "BB確率",
      "p": {
        "1": 0.007353, "2": 0.007874, "3": 0.008475,
        "4": 0.009174, "5": 0.010000, "6": 0.011111
      }
    },
    {
      "name": "RB確率",
      "p": {
        "1": 0.007353, "2": 0.007874, "3": 0.008475,
        "4": 0.009174, "5": 0.010000, "6": 0.011111
      }
    },
    {
      "name": "合算確率",
      "p": {
        "1": 0.003676, "2": 0.003937, "3": 0.004237,
        "4": 0.004587, "5": 0.005000, "6": 0.005556
      }
    },
    {
      "name": "スイカ確率",
      "p": {
        "1": 0.06250, "2": 0.06667, "3": 0.07143,
        "4": 0.07692, "5": 0.08333, "6": 0.09091
      }
    }
  ]
}
