{
  "machine_name": "スマスロ鬼武者",
  "machine_kw": {
    "1": 0.975, "2": 0.990, "3": 1.007,
    "4": 1.027, "5": 1.055, "6": 1.098
  },
  "settings": ["1","2","3","4","5","6"],
  "elements": [
    {
      "name": "AT初当り確率",
      "p": {
        "1": 0.002857, "2": 0.003145, "3": 0.003521,
        "4": 0.003984, "5": 0.004651, "6": 0.005882
      }
    },
    {
      "name": "無双モード突入率",
      "p": {
        "1": 0.330, "2": 0.363, "3": 0.404,
        "4": 0.455, "5": 0.526, "6": 0.635
      }
    },
    {
      "name": "スイカ確率",
      "p": {
        "1": 0.05882, "2": 0.06250, "3": 0.06667,
        "4": 0.07143, "5": 0.07692, "6": 0.08333
      }
    },
    {
      "name": "強チェリー確率",
      "p": {
        "1": 0.02174, "2": 0.02326, "3": 0.02500,
        "4": 0.02703, "5": 0.02941, "6": 0.03226
      }
    }
  ]
}
