{
  "machine_name": "スマスロ銭形",
  "machine_kw": {
    "1": 0.974, "2": 0.989, "3": 1.006,
    "4": 1.026, "5": 1.056, "6": 1.100
  },
  "settings": ["1","2","3","4","5","6"],
  "elements": [
    {
      "name": "AT初当り確率",
      "p": {
        "1": 0.003030, "2": 0.003344, "3": 0.003745,
        "4": 0.004274, "5": 0.005076, "6": 0.006536
      }
    },
    {
      "name": "ゼニガタ倶楽部突入率",
      "p": {
        "1": 0.320, "2": 0.355, "3": 0.398,
        "4": 0.452, "5": 0.524, "6": 0.645
      }
    },
    {
      "name": "スイカ確率",
      "p": {
        "1": 0.05882, "2": 0.06250, "3": 0.06667,
        "4": 0.07143, "5": 0.07692, "6": 0.08333
      }
    },
    {
      "name": "強チェリー確率",
      "p": {
        "1": 0.02222, "2": 0.02381, "3": 0.02564,
        "4": 0.02778, "5": 0.03030, "6": 0.03333
      }
    }
  ]
}
