{
  "machine_name": "スマスロ虚構推理",
  "machine_kw": {
    "1": 0.974, "2": 0.988, "3": 1.006,
    "4": 1.027, "5": 1.057, "6": 1.102
  },
  "settings": ["1","2","3","4","5","6"],
  "elements": [
    {
      "name": "AT初当り確率",
      "p": {
        "1": 0.003030, "2": 0.003356, "3": 0.003788,
        "4": 0.004367, "5": 0.005155, "6": 0.006536
      }
    },
    {
      "name": "コトコRUSH突入率",
      "p": {
        "1": 0.335, "2": 0.369, "3": 0.413,
        "4": 0.468, "5": 0.543, "6": 0.653
      }
    },
    {
      "name": "スイカ確率",
      "p": {
        "1": 0.06250, "2": 0.06667, "3": 0.07143,
        "4": 0.07692, "5": 0.08333, "6": 0.09091
      }
    },
    {
      "name": "強チェリー確率",
      "p": {
        "1": 0.02000, "2": 0.02174, "3": 0.02326,
        "4": 0.02500, "5": 0.02703, "6": 0.02941
      }
    }
  ]
}
