{
  "machine_name": "スマスロ吉宗",
  "machine_kw": {
    "1": 0.973, "2": 0.988, "3": 1.006,
    "4": 1.027, "5": 1.056, "6": 1.100
  },
  "settings": ["1","2","3","4","5","6"],
  "elements": [
    {
      "name": "BIG確率",
      "p": {
        "1": 0.003460, "2": 0.003891, "3": 0.004444,
        "4": 0.005155, "5": 0.006135, "6": 0.007519
      }
    },
    {
      "name": "REG確率",
      "p": {
        "1": 0.006993, "2": 0.007752, "3": 0.008696,
        "4": 0.009901, "5": 0.011494, "6": 0.013699
      }
    },
    {
      "name": "スイカ確率",
      "p": {
        "1": 0.04545, "2": 0.04762, "3": 0.05000,
        "4": 0.05263, "5": 0.05556, "6": 0.05882
      }
    }
  ]
}
