{
  "machine_name": "スマスロ聖闘士星矢",
  "machine_kw": {
    "1": 0.974, "2": 0.989, "3": 1.007,
    "4": 1.028, "5": 1.059, "6": 1.108
  },
  "settings": ["1","2","3","4","5","6"],
  "elements": [
    {
      "name": "AT初当り確率",
      "p": {
        "1": 0.002688, "2": 0.002994, "3": 0.003378,
        "4": 0.003861, "5": 0.004525, "6": 0.005714
      }
    },
    {
      "name": "コスモチャンス突入率",
      "p": {
        "1": 0.330, "2": 0.364, "3": 0.406,
        "4": 0.460, "5": 0.534, "6": 0.644
      }
    },
    {
      "name": "スイカ確率",
      "p": {
        "1": 0.05882, "2": 0.06250, "3": 0.06667,
        "4": 0.07143, "5": 0.07692, "6": 0.08333
      }
    },
    {
      "name": "強チェリー確率",
      "p": {
        "1": 0.02174, "2": 0.02326, "3": 0.02500,
        "4": 0.02703, "5": 0.02941, "6": 0.03226
      }
    }
  ]
}
