{
  "machine_name": "スマスロ東京喰種",
  "machine_kw": {
    "1": 0.974, "2": 0.989, "3": 1.006,
    "4": 1.027, "5": 1.057, "6": 1.103
  },
  "settings": ["1","2","3","4","5","6"],
  "elements": [
    {
      "name": "AT初当り確率",
      "p": {
        "1": 0.002809, "2": 0.003096, "3": 0.003484,
        "4": 0.003984, "5": 0.004651, "6": 0.005882
      }
    },
    {
      "name": "クインクス突入率",
      "p": {
        "1": 0.325, "2": 0.358, "3": 0.400,
        "4": 0.453, "5": 0.525, "6": 0.635
      }
    },
    {
      "name": "スイカ確率",
      "p": {
        "1": 0.05882, "2": 0.06250, "3": 0.06667,
        "4": 0.07143, "5": 0.07692, "6": 0.08333
      }
    },
    {
      "name": "強チェリー確率",
      "p": {
        "1": 0.02174, "2": 0.02326, "3": 0.02500,
        "4": 0.02703, "5": 0.02941, "6": 0.03226
      }
    }
  ]
}
