{
  "machine_name": "スマスロ Lバキ",
  "machine_kw": {
    "1": 0.973, "2": 0.988, "3": 1.005,
    "4": 1.024, "5": 1.053, "6": 1.098
  },
  "settings": ["1","2","3","4","5","6"],
  "elements": [
    {
      "name": "AT初当り確率",
      "p": {
        "1": 0.002688, "2": 0.002941, "3": 0.003257,
        "4": 0.003663, "5": 0.004237, "6": 0.005236
      }
    },
    {
      "name": "地下トーナメント突入率",
      "p": {
        "1": 0.350, "2": 0.383, "3": 0.423,
        "4": 0.472, "5": 0.540, "6": 0.645
      }
    },
    {
      "name": "スイカ確率",
      "p": {
        "1": 0.05882, "2": 0.06250, "3": 0.06667,
        "4": 0.07143, "5": 0.07692, "6": 0.08333
      }
    },
    {
      "name": "強チェリー確率",
      "p": {
        "1": 0.02174, "2": 0.02326, "3": 0.02500,
        "4": 0.02703, "5": 0.02941, "6": 0.03226
      }
    }
  ]
}
