{
  "machine_name": "スマスロ鬼滅の刃",
  "machine_kw": {
    "1": 0.977, "2": 0.990, "3": 1.007,
    "4": 1.027, "5": 1.052, "6": 1.090
  },
  "settings": ["1","2","3","4","5","6"],
  "elements": [
    {
      "name": "AT初当り確率",
      "p": {
        "1": 0.002801, "2": 0.003030, "3": 0.003311,
        "4": 0.003676, "5": 0.004167, "6": 0.005000
      }
    },
    {
      "name": "鬼ノ型確率",
      "p": {
        "1": 0.001504, "2": 0.001645, "3": 0.001812,
        "4": 0.002030, "5": 0.002358, "6": 0.002857
      }
    },
    {
      "name": "炎舞の舞突入率",
      "p": {
        "1": 0.350, "2": 0.380, "3": 0.415,
        "4": 0.460, "5": 0.520, "6": 0.620
      }
    },
    {
      "name": "スイカ確率",
      "p": {
        "1": 0.05882, "2": 0.06250, "3": 0.06667,
        "4": 0.07143, "5": 0.07692, "6": 0.08333
      }
    }
  ]
}
