{
  "machine_name": "スマスロカバネリ",
  "settings": ["1", "2", "6"],
  "machine_kw": {
    "1": 0.978,
    "2": 0.995,
    "6": 1.110
  },
  "elements": [
    {
      "name": "下段ベル",
      "p": {
        "1": 0.008257638315441783,
        "2": 0.00874125874125874,
        "6": 0.010090817356205853
      }
    },
    {
      "name": "当選率",
      "p": {
        "1": 0.012,
        "2": 0.02,
        "6": 0.023
      }
    }
  ]
}
