{
  "machine_name": "スマスロ ガンダムSEED",
  "machine_kw": {
    "1": 0.974, "2": 0.988, "3": 1.005,
    "4": 1.026, "5": 1.055, "6": 1.099
  },
  "settings": ["1","2","3","4","5","6"],
  "elements": [
    {
      "name": "AT初当り確率",
      "p": {
        "1": 0.002732, "2": 0.003021, "3": 0.003401,
        "4": 0.003906, "5": 0.004608, "6": 0.005882
      }
    },
    {
      "name": "フリーダム覚醒率",
      "p": {
        "1": 0.330, "2": 0.363, "3": 0.407,
        "4": 0.462, "5": 0.537, "6": 0.648
      }
    },
    {
      "name": "スイカ確率",
      "p": {
        "1": 0.05556, "2": 0.05882, "3": 0.06250,
        "4": 0.06667, "5": 0.07143, "6": 0.07692
      }
    },
    {
      "name": "強チェリー確率",
      "p": {
        "1": 0.02174, "2": 0.02326, "3": 0.02500,
        "4": 0.02703, "5": 0.02941, "6": 0.03226
      }
    }
  ]
}
