{
  "machine_name": "スマスロかぐや様は告らせたい",
  "machine_kw": {
    "1": 0.974, "2": 0.989, "3": 1.006,
    "4": 1.027, "5": 1.056, "6": 1.100
  },
  "settings": ["1","2","3","4","5","6"],
  "elements": [
    {
      "name": "AT初当り確率",
      "p": {
        "1": 0.003012, "2": 0.003311, "3": 0.003717,
        "4": 0.004237, "5": 0.004975, "6": 0.006250
      }
    },
    {
      "name": "告白チャンス突入率",
      "p": {
        "1": 0.340, "2": 0.374, "3": 0.418,
        "4": 0.473, "5": 0.548, "6": 0.659
      }
    },
    {
      "name": "スイカ確率",
      "p": {
        "1": 0.06250, "2": 0.06667, "3": 0.07143,
        "4": 0.07692, "5": 0.08333, "6": 0.09091
      }
    }
  ]
}
