{
  "machine_name": "スマスロ炎炎ノ消防隊2",
  "machine_kw": {
    "1": 0.973, "2": 0.988, "3": 1.006,
    "4": 1.027, "5": 1.057, "6": 1.104
  },
  "settings": ["1","2","3","4","5","6"],
  "elements": [
    {
      "name": "AT初当り確率",
      "p": {
        "1": 0.002809, "2": 0.003096, "3": 0.003484,
        "4": 0.003984, "5": 0.004651, "6": 0.005882
      }
    },
    {
      "name": "炎の力解放突入率",
      "p": {
        "1": 0.330, "2": 0.364, "3": 0.406,
        "4": 0.460, "5": 0.533, "6": 0.644
      }
    },
    {
      "name": "スイカ確率",
      "p": {
        "1": 0.05882, "2": 0.06250, "3": 0.06667,
        "4": 0.07143, "5": 0.07692, "6": 0.08333
      }
    },
    {
      "name": "強チェリー確率",
      "p": {
        "1": 0.02174, "2": 0.02326, "3": 0.02500,
        "4": 0.02703, "5": 0.02941, "6": 0.03226
      }
    }
  ]
}
