{
  "machine_name": "スマスロ ハナビ",
  "machine_kw": {
    "1": 0.981, "2": 0.995, "3": 1.010,
    "4": 1.028, "5": 1.051, "6": 1.086
  },
  "settings": ["1","2","3","4","5","6"],
  "elements": [
    {
      "name": "BB確率",
      "p": {
        "1": 0.007874, "2": 0.008403, "3": 0.009009,
        "4": 0.009709, "5": 0.010526, "6": 0.011765
      }
    },
    {
      "name": "RB確率",
      "p": {
        "1": 0.004016, "2": 0.004292, "3": 0.004608,
        "4": 0.005025, "5": 0.005525, "6": 0.006211
      }
    },
    {
      "name": "スイカ確率",
      "p": {
        "1": 0.08333, "2": 0.09091, "3": 0.10000,
        "4": 0.11111, "5": 0.12500, "6": 0.14286
      }
    },
    {
      "name": "チェリー確率",
      "p": {
        "1": 0.05556, "2": 0.05882, "3": 0.06250,
        "4": 0.06667, "5": 0.07143, "6": 0.07692
      }
    }
  ]
}
