{
  "machine_name": "スーパーミラクルエース2",
  "machine_kw": {
    "1": 0.980, "2": 0.993, "3": 1.007,
    "4": 1.022, "5": 1.041, "6": 1.068
  },
  "settings": ["1","2","3","4","5","6"],
  "elements": [
    {
      "name": "BB確率",
      "p": {
        "1": 0.007752, "2": 0.008299, "3": 0.008929,
        "4": 0.009709, "5": 0.010638, "6": 0.012048
      }
    },
    {
      "name": "RB確率",
      "p": {
        "1": 0.007692, "2": 0.008264, "3": 0.008929,
        "4": 0.009709, "5": 0.010526, "6": 0.011364
      }
    },
    {
      "name": "スイカ確率",
      "p": {
        "1": 0.04762, "2": 0.05128, "3": 0.05556,
        "4": 0.06061, "5": 0.06667, "6": 0.07407
      }
    }
  ]
}
