{
  "machine_name": "スマスロ ガンダムSEED",
  "machine_kw": {
    "1": 0.975, "2": 0.989, "3": 1.005,
    "4": 1.025, "5": 1.055, "6": 1.100
  },
  "settings": ["1","2","3","4","5","6"],
  "elements": [
    {
      "name": "AT初当り確率",
      "p": {
        "1": 0.002801, "2": 0.003067, "3": 0.003390,
        "4": 0.003802, "5": 0.004367, "6": 0.005263
      }
    },
    {
      "name": "DESTINY突入率",
      "p": {
        "1": 0.350, "2": 0.385, "3": 0.428,
        "4": 0.480, "5": 0.550, "6": 0.660
      }
    },
    {
      "name": "スイカ確率",
      "p": {
        "1": 0.05556, "2": 0.05882, "3": 0.06250,
        "4": 0.06667, "5": 0.07143, "6": 0.07692
      }
    },
    {
      "name": "強チェリー確率",
      "p": {
        "1": 0.02326, "2": 0.02500, "3": 0.02703,
        "4": 0.02941, "5": 0.03226, "6": 0.03571
      }
    }
  ]
}
