{
  "machine_name": "スマスロ ワンピース",
  "machine_kw": {
    "1": 0.974, "2": 0.989, "3": 1.007,
    "4": 1.027, "5": 1.057, "6": 1.103
  },
  "settings": ["1","2","3","4","5","6"],
  "elements": [
    {
      "name": "AT初当り確率",
      "p": {
        "1": 0.002857, "2": 0.003145, "3": 0.003521,
        "4": 0.003984, "5": 0.004651, "6": 0.005882
      }
    },
    {
      "name": "麦わらの一味突入率",
      "p": {
        "1": 0.335, "2": 0.369, "3": 0.412,
        "4": 0.466, "5": 0.541, "6": 0.651
      }
    },
    {
      "name": "スイカ確率",
      "p": {
        "1": 0.05882, "2": 0.06250, "3": 0.06667,
        "4": 0.07143, "5": 0.07692, "6": 0.08333
      }
    },
    {
      "name": "強チェリー確率",
      "p": {
        "1": 0.02174, "2": 0.02326, "3": 0.02500,
        "4": 0.02703, "5": 0.02941, "6": 0.03226
      }
    }
  ]
}
