{
  "machine_name": "スマスロ鬼武者3",
  "machine_kw": {
    "1": 0.978, "2": 0.995, "3": 1.012,
    "4": 1.050, "5": 1.080, "6": 1.130
  },
  "settings": ["1","2","3","4","5","6"],
  "elements": [
    {
      "name": "AT当選確率",
      "p": {
        "1": 0.003030,
        "2": 0.003311,
        "3": 0.003663,
        "4": 0.004149,
        "5": 0.005000,
        "6": 0.007143
      }
    },
    {
      "name": "ボーナス合算確率",
      "p": {
        "1": 0.005000,
        "2": 0.005495,
        "3": 0.006024,
        "4": 0.006623,
        "5": 0.007519,
        "6": 0.010000
      }
    },
    {
      "name": "スイカ確率",
      "p": {
        "1": 0.020619,
        "2": 0.020921,
        "3": 0.021368,
        "4": 0.022124,
        "5": 0.023256,
        "6": 0.025510
      }
    },
    {
      "name": "強チェリー確率",
      "p": {
        "1": 0.003984,
        "2": 0.004367,
        "3": 0.004785,
        "4": 0.005525,
        "5": 0.006452,
        "6": 0.008772
      }
    }
  ]
}
