{
  "machine_name": "スマスロゲゲゲの鬼太郎",
  "machine_kw": {
    "1": 0.976, "2": 0.990, "3": 1.006,
    "4": 1.025, "5": 1.054, "6": 1.097
  },
  "settings": ["1","2","3","4","5","6"],
  "elements": [
    {
      "name": "AT初当り確率",
      "p": {
        "1": 0.002857, "2": 0.003145, "3": 0.003497,
        "4": 0.003953, "5": 0.004587, "6": 0.005714
      }
    },
    {
      "name": "妖怪横丁突入率",
      "p": {
        "1": 0.340, "2": 0.374, "3": 0.416,
        "4": 0.468, "5": 0.540, "6": 0.647
      }
    },
    {
      "name": "スイカ確率",
      "p": {
        "1": 0.05882, "2": 0.06250, "3": 0.06667,
        "4": 0.07143, "5": 0.07692, "6": 0.08333
      }
    }
  ]
}
