{
  "machine_name": "スマスロ犬夜叉",
  "machine_kw": {
    "1": 0.975, "2": 0.990, "3": 1.007,
    "4": 1.027, "5": 1.056, "6": 1.099
  },
  "settings": ["1","2","3","4","5","6"],
  "elements": [
    {
      "name": "AT初当り確率",
      "p": {
        "1": 0.003012, "2": 0.003311, "3": 0.003717,
        "4": 0.004237, "5": 0.004975, "6": 0.006250
      }
    },
    {
      "name": "四魂の玉突入率",
      "p": {
        "1": 0.355, "2": 0.390, "3": 0.434,
        "4": 0.490, "5": 0.564, "6": 0.673
      }
    },
    {
      "name": "スイカ確率",
      "p": {
        "1": 0.05882, "2": 0.06250, "3": 0.06667,
        "4": 0.07143, "5": 0.07692, "6": 0.08333
      }
    }
  ]
}
