{
  "machine_name": "スマスロL ユニコーンR2",
  "machine_kw": {
    "1": 0.975, "2": 0.989, "3": 1.005,
    "4": 1.023, "5": 1.052, "6": 1.095
  },
  "settings": ["1","2","3","4","5","6"],
  "elements": [
    {
      "name": "AT初当り確率",
      "p": {
        "1": 0.002924, "2": 0.003205, "3": 0.003546,
        "4": 0.003984, "5": 0.004587, "6": 0.005556
      }
    },
    {
      "name": "ループ継続率",
      "p": {
        "1": 0.600, "2": 0.632, "3": 0.670,
        "4": 0.714, "5": 0.769, "6": 0.840
      }
    },
    {
      "name": "スイカ確率",
      "p": {
        "1": 0.06250, "2": 0.06667, "3": 0.07143,
        "4": 0.07692, "5": 0.08333, "6": 0.09091
      }
    }
  ]
}
