{
  "machine_name": "スマスロ頭文字D",
  "machine_kw": {
    "1": 0.975, "2": 0.988, "3": 1.005,
    "4": 1.025, "5": 1.050, "6": 1.088
  },
  "settings": ["1","2","3","4","5","6"],
  "elements": [
    {
      "name": "AT初当り確率",
      "p": {
        "1": 0.002660, "2": 0.002899, "3": 0.003195,
        "4": 0.003571, "5": 0.004065, "6": 0.004926
      }
    },
    {
      "name": "公道バトル勝利率",
      "p": {
        "1": 0.500, "2": 0.525, "3": 0.555,
        "4": 0.592, "5": 0.640, "6": 0.710
      }
    },
    {
      "name": "スイカ確率",
      "p": {
        "1": 0.06250, "2": 0.06667, "3": 0.07143,
        "4": 0.07692, "5": 0.08333, "6": 0.09091
      }
    }
  ]
}
