{
  "machine_name": "スマスロ王者の魂",
  "machine_kw": {
    "1": 0.975, "2": 0.990, "3": 1.007,
    "4": 1.027, "5": 1.056, "6": 1.099
  },
  "settings": ["1","2","3","4","5","6"],
  "elements": [
    {
      "name": "AT初当り確率",
      "p": {
        "1": 0.003012, "2": 0.003311, "3": 0.003717,
        "4": 0.004237, "5": 0.004975, "6": 0.006250
      }
    },
    {
      "name": "頂上決戦突入率",
      "p": {
        "1": 0.345, "2": 0.380, "3": 0.423,
        "4": 0.479, "5": 0.553, "6": 0.663
      }
    },
    {
      "name": "スイカ確率",
      "p": {
        "1": 0.06250, "2": 0.06667, "3": 0.07143,
        "4": 0.07692, "5": 0.08333, "6": 0.09091
      }
    }
  ]
}
