{
  "machine_name": "スマスロ パパラッチ",
  "machine_kw": {
    "1": 0.977, "2": 0.991, "3": 1.007,
    "4": 1.025, "5": 1.052, "6": 1.093
  },
  "settings": ["1","2","3","4","5","6"],
  "elements": [
    {
      "name": "AT初当り確率",
      "p": {
        "1": 0.003145, "2": 0.003472, "3": 0.003876,
        "4": 0.004386, "5": 0.005102, "6": 0.006369
      }
    },
    {
      "name": "フラッシュボーナス突入率",
      "p": {
        "1": 0.340, "2": 0.373, "3": 0.414,
        "4": 0.465, "5": 0.534, "6": 0.641
      }
    },
    {
      "name": "スイカ確率",
      "p": {
        "1": 0.05882, "2": 0.06250, "3": 0.06667,
        "4": 0.07143, "5": 0.07692, "6": 0.08333
      }
    }
  ]
}
