{
  "machine_name": "スマスロ サンダーV",
  "machine_kw": {
    "1": 0.980, "2": 0.993, "3": 1.008,
    "4": 1.026, "5": 1.049, "6": 1.083
  },
  "settings": ["1","2","3","4","5","6"],
  "elements": [
    {
      "name": "BB確率",
      "p": {
        "1": 0.007692, "2": 0.008130, "3": 0.008621,
        "4": 0.009174, "5": 0.009804, "6": 0.010870
      }
    },
    {
      "name": "RB確率",
      "p": {
        "1": 0.003937, "2": 0.004255, "3": 0.004608,
        "4": 0.005025, "5": 0.005525, "6": 0.006211
      }
    },
    {
      "name": "スイカ確率",
      "p": {
        "1": 0.06250, "2": 0.06667, "3": 0.07143,
        "4": 0.07692, "5": 0.08333, "6": 0.09091
      }
    },
    {
      "name": "チェリー確率",
      "p": {
        "1": 0.05556, "2": 0.05882, "3": 0.06250,
        "4": 0.06667, "5": 0.07143, "6": 0.07692
      }
    }
  ]
}
