{
  "machine_name": "スマスロまどかマギカ",
  "machine_kw": {
    "1": 0.978, "2": 0.995, "3": 1.011,
    "4": 1.051, "5": 1.092, "6": 1.145
  },
  "settings": ["1","2","3","4","5","6"],
  "elements": [
    {
      "name": "AT当選確率",
      "p": {
        "1": 0.003546, "2": 0.003861, "3": 0.004225,
        "4": 0.004902, "5": 0.005952, "6": 0.008333
      }
    },
    {
      "name": "疑似ボーナス確率",
      "p": {
        "1": 0.005376, "2": 0.005848, "3": 0.006410,
        "4": 0.007407, "5": 0.009009, "6": 0.012500
      }
    },
    {
      "name": "スイカ確率",
      "p": {
        "1": 0.020000, "2": 0.020619, "3": 0.021277,
        "4": 0.022222, "5": 0.023810, "6": 0.026316
      }
    },
    {
      "name": "強チェリー確率",
      "p": {
        "1": 0.005263, "2": 0.005714, "3": 0.006250,
        "4": 0.007143, "5": 0.008333, "6": 0.010526
      }
    }
  ]
}
