{
  "machine_name": "スマスロゴッドイーター3",
  "machine_kw": {
    "1": 0.976, "2": 0.990, "3": 1.008,
    "4": 1.028, "5": 1.054, "6": 1.092
  },
  "settings": ["1","2","3","4","5","6"],
  "elements": [
    {
      "name": "AT初当り確率",
      "p": {
        "1": 0.002695, "2": 0.002941, "3": 0.003236,
        "4": 0.003610, "5": 0.004115, "6": 0.004975
      }
    },
    {
      "name": "バーストラッシュ突入率",
      "p": {
        "1": 0.350, "2": 0.380, "3": 0.415,
        "4": 0.460, "5": 0.520, "6": 0.620
      }
    },
    {
      "name": "スイカ確率",
      "p": {
        "1": 0.05882, "2": 0.06250, "3": 0.06667,
        "4": 0.07143, "5": 0.07692, "6": 0.08333
      }
    }
  ]
}
