{
  "machine_name": "スマスロまどかマギカ2",
  "machine_kw": {
    "1": 0.975, "2": 0.990, "3": 1.007,
    "4": 1.028, "5": 1.053, "6": 1.090
  },
  "settings": ["1","2","3","4","5","6"],
  "elements": [
    {
      "name": "ボーナス合算確率",
      "p": {
        "1": 0.003322, "2": 0.003584, "3": 0.003891,
        "4": 0.004278, "5": 0.004808, "6": 0.005682
      }
    },
    {
      "name": "ART当選確率",
      "p": {
        "1": 0.002801, "2": 0.003067, "3": 0.003390,
        "4": 0.003802, "5": 0.004367, "6": 0.005263
      }
    },
    {
      "name": "マギカラッシュ突入率",
      "p": {
        "1": 0.360, "2": 0.395, "3": 0.435,
        "4": 0.485, "5": 0.550, "6": 0.650
      }
    },
    {
      "name": "スイカ確率",
      "p": {
        "1": 0.05556, "2": 0.05882, "3": 0.06250,
        "4": 0.06667, "5": 0.07143, "6": 0.07692
      }
    }
  ]
}
