{
  "machine_name": "スマスロ炎炎ノ消防隊",
  "machine_kw": {
    "1": 0.976, "2": 0.989, "3": 1.006,
    "4": 1.025, "5": 1.050, "6": 1.088
  },
  "settings": ["1","2","3","4","5","6"],
  "elements": [
    {
      "name": "AT初当り確率",
      "p": {
        "1": 0.002618, "2": 0.002857, "3": 0.003145,
        "4": 0.003509, "5": 0.003984, "6": 0.004808
      }
    },
    {
      "name": "火柱ラッシュ突入率",
      "p": {
        "1": 0.380, "2": 0.410, "3": 0.445,
        "4": 0.490, "5": 0.550, "6": 0.650
      }
    },
    {
      "name": "スイカ確率",
      "p": {
        "1": 0.05556, "2": 0.05882, "3": 0.06250,
        "4": 0.06667, "5": 0.07143, "6": 0.07692
      }
    },
    {
      "name": "チェリー確率",
      "p": {
        "1": 0.06667, "2": 0.07143, "3": 0.07692,
        "4": 0.08333, "5": 0.09091, "6": 0.10000
      }
    }
  ]
}
