{
  "machine_name": "スマスロいざ！番長",
  "machine_kw": {
    "1": 0.972, "2": 0.987, "3": 1.005,
    "4": 1.027, "5": 1.057, "6": 1.103
  },
  "settings": ["1","2","3","4","5","6"],
  "elements": [
    {
      "name": "AT初当り確率",
      "p": {
        "1": 0.003096, "2": 0.003401, "3": 0.003817,
        "4": 0.004367, "5": 0.005155, "6": 0.006536
      }
    },
    {
      "name": "頂RUSH突入率",
      "p": {
        "1": 0.325, "2": 0.358, "3": 0.401,
        "4": 0.455, "5": 0.529, "6": 0.639
      }
    },
    {
      "name": "スイカ確率",
      "p": {
        "1": 0.06667, "2": 0.07143, "3": 0.07692,
        "4": 0.08333, "5": 0.09091, "6": 0.10000
      }
    },
    {
      "name": "強チェリー確率",
      "p": {
        "1": 0.02326, "2": 0.02500, "3": 0.02703,
        "4": 0.02941, "5": 0.03226, "6": 0.03571
      }
    }
  ]
}
