{
  "machine_name": "スマスロ戦国乙女5",
  "machine_kw": {
    "1": 0.975, "2": 0.990, "3": 1.007,
    "4": 1.027, "5": 1.056, "6": 1.099
  },
  "settings": ["1","2","3","4","5","6"],
  "elements": [
    {
      "name": "AT初当り確率",
      "p": {
        "1": 0.002809, "2": 0.003096, "3": 0.003484,
        "4": 0.003984, "5": 0.004651, "6": 0.005882
      }
    },
    {
      "name": "武将バトル突入率",
      "p": {
        "1": 0.340, "2": 0.374, "3": 0.418,
        "4": 0.473, "5": 0.548, "6": 0.659
      }
    },
    {
      "name": "スイカ確率",
      "p": {
        "1": 0.06250, "2": 0.06667, "3": 0.07143,
        "4": 0.07692, "5": 0.08333, "6": 0.09091
      }
    }
  ]
}
