{
  "machine_name": "スーパーミラクルジャグラー",
  "machine_kw": {
    "1": 0.975, "2": 0.989, "3": 1.003,
    "4": 1.020, "5": 1.042, "6": 1.072
  },
  "settings": ["1","2","3","4","5","6"],
  "elements": [
    {
      "name": "BB確率",
      "p": {
        "1": 0.009709, "2": 0.010638, "3": 0.011628,
        "4": 0.012658, "5": 0.013699, "6": 0.015385
      }
    },
    {
      "name": "RB確率",
      "p": {
        "1": 0.014493, "2": 0.017241, "3": 0.020000,
        "4": 0.023810, "5": 0.027778, "6": 0.033333
      }
    },
    {
      "name": "合算確率",
      "p": {
        "1": 0.006024, "2": 0.006897, "3": 0.007874,
        "4": 0.009091, "5": 0.010526, "6": 0.012500
      }
    },
    {
      "name": "ぶどう確率",
      "p": {
        "1": 0.15385, "2": 0.16129, "3": 0.16667,
        "4": 0.17241, "5": 0.17857, "6": 0.18868
      }
    }
  ]
}
