{
  "machine_name": "スマスロ不二子BT",
  "machine_kw": {
    "1": 0.975, "2": 0.990, "3": 1.008,
    "4": 1.030, "5": 1.061, "6": 1.110
  },
  "settings": ["1","2","3","4","5","6"],
  "elements": [
    {
      "name": "AT初当り確率",
      "p": {
        "1": 0.002551, "2": 0.002849, "3": 0.003215,
        "4": 0.003663, "5": 0.004292, "6": 0.005405
      }
    },
    {
      "name": "BTボーナス確率",
      "p": {
        "1": 0.00847, "2": 0.00917, "3": 0.01000,
        "4": 0.01099, "5": 0.01220, "6": 0.01389
      }
    },
    {
      "name": "スイカ確率",
      "p": {
        "1": 0.06250, "2": 0.06667, "3": 0.07143,
        "4": 0.07692, "5": 0.08333, "6": 0.09091
      }
    },
    {
      "name": "強チェリー確率",
      "p": {
        "1": 0.02174, "2": 0.02326, "3": 0.02500,
        "4": 0.02703, "5": 0.02941, "6": 0.03226
      }
    }
  ]
}
