{
  "machine_name": "スマスロ北斗の拳ZERO",
  "machine_kw": {
    "1": 0.975, "2": 0.993, "3": 1.010,
    "4": 1.047, "5": 1.090, "6": 1.137
  },
  "settings": ["1","2","3","4","5","6"],
  "elements": [
    {
      "name": "AT当選確率",
      "p": {
        "1": 0.004098, "2": 0.004464, "3": 0.004878,
        "4": 0.005650, "5": 0.006803, "6": 0.009174
      }
    },
    {
      "name": "AT初当たり確率",
      "p": {
        "1": 0.003717, "2": 0.004054, "3": 0.004386,
        "4": 0.005025, "5": 0.005988, "6": 0.008000
      }
    },
    {
      "name": "レアチェリー確率",
      "p": {
        "1": 0.004717, "2": 0.005076, "3": 0.005525,
        "4": 0.006289, "5": 0.007407, "6": 0.010000
      }
    },
    {
      "name": "スイカ確率",
      "p": {
        "1": 0.022727, "2": 0.023256, "3": 0.024096,
        "4": 0.025641, "5": 0.027397, "6": 0.030769
      }
    }
  ]
}
