{
  "machine_name": "スマスロ大海物語5",
  "machine_kw": {
    "1": 0.978, "2": 0.992, "3": 1.007,
    "4": 1.024, "5": 1.050, "6": 1.091
  },
  "settings": ["1","2","3","4","5","6"],
  "elements": [
    {
      "name": "AT初当り確率",
      "p": {
        "1": 0.003311, "2": 0.003650, "3": 0.004065,
        "4": 0.004608, "5": 0.005348, "6": 0.006579
      }
    },
    {
      "name": "マリンチャンス突入率",
      "p": {
        "1": 0.350, "2": 0.384, "3": 0.427,
        "4": 0.480, "5": 0.553, "6": 0.663
      }
    },
    {
      "name": "スイカ確率",
      "p": {
        "1": 0.06250, "2": 0.06667, "3": 0.07143,
        "4": 0.07692, "5": 0.08333, "6": 0.09091
      }
    }
  ]
}
