{
  "machine_name": "スマスロ モンキーターン5",
  "machine_kw": {
    "1": 0.975, "2": 0.990, "3": 1.008,
    "4": 1.030, "5": 1.060, "6": 1.108
  },
  "settings": ["1","2","3","4","5","6"],
  "elements": [
    {
      "name": "AT初当り確率",
      "p": {
        "1": 0.002688, "2": 0.002994, "3": 0.003378,
        "4": 0.003861, "5": 0.004525, "6": 0.005714
      }
    },
    {
      "name": "水神突入率",
      "p": {
        "1": 0.342, "2": 0.377, "3": 0.422,
        "4": 0.479, "5": 0.555, "6": 0.667
      }
    },
    {
      "name": "スイカ確率",
      "p": {
        "1": 0.05556, "2": 0.05882, "3": 0.06250,
        "4": 0.06667, "5": 0.07143, "6": 0.07692
      }
    },
    {
      "name": "強チェリー確率",
      "p": {
        "1": 0.02326, "2": 0.02500, "3": 0.02703,
        "4": 0.02941, "5": 0.03226, "6": 0.03571
      }
    }
  ]
}
