{
  "machine_name": "スマスロ AT-X",
  "machine_kw": {
    "1": 0.975, "2": 0.990, "3": 1.007,
    "4": 1.027, "5": 1.058, "6": 1.105
  },
  "settings": ["1","2","3","4","5","6"],
  "elements": [
    {
      "name": "AT初当り確率",
      "p": {
        "1": 0.002695, "2": 0.002954, "3": 0.003279,
        "4": 0.003704, "5": 0.004310, "6": 0.005376
      }
    },
    {
      "name": "頂上決戦突入率",
      "p": {
        "1": 0.330, "2": 0.362, "3": 0.401,
        "4": 0.450, "5": 0.516, "6": 0.622
      }
    },
    {
      "name": "スイカ確率",
      "p": {
        "1": 0.06250, "2": 0.06667, "3": 0.07143,
        "4": 0.07692, "5": 0.08333, "6": 0.09091
      }
    },
    {
      "name": "強チェリー確率",
      "p": {
        "1": 0.02174, "2": 0.02326, "3": 0.02500,
        "4": 0.02703, "5": 0.02941, "6": 0.03226
      }
    }
  ]
}
