{
  "machine_name": "スマスロ ALFA-X",
  "machine_kw": {
    "1": 0.975, "2": 0.989, "3": 1.007,
    "4": 1.029, "5": 1.059, "6": 1.105
  },
  "settings": ["1","2","3","4","5","6"],
  "elements": [
    {
      "name": "AT初当り確率",
      "p": {
        "1": 0.002857, "2": 0.003145, "3": 0.003521,
        "4": 0.004016, "5": 0.004695, "6": 0.005952
      }
    },
    {
      "name": "EX RUSH突入率",
      "p": {
        "1": 0.345, "2": 0.380, "3": 0.425,
        "4": 0.482, "5": 0.558, "6": 0.670
      }
    },
    {
      "name": "スイカ確率",
      "p": {
        "1": 0.06250, "2": 0.06667, "3": 0.07143,
        "4": 0.07692, "5": 0.08333, "6": 0.09091
      }
    },
    {
      "name": "強チェリー確率",
      "p": {
        "1": 0.01961, "2": 0.02083, "3": 0.02222,
        "4": 0.02381, "5": 0.02564, "6": 0.02778
      }
    }
  ]
}
