{
  "machine_name": "スマスロバジリスク絆3",
  "machine_kw": {
    "1": 0.976, "2": 0.988, "3": 1.005,
    "4": 1.024, "5": 1.048, "6": 1.085
  },
  "settings": ["1","2","3","4","5","6"],
  "elements": [
    {
      "name": "AT初当り確率",
      "p": {
        "1": 0.002532, "2": 0.002770, "3": 0.003053,
        "4": 0.003401, "5": 0.003861, "6": 0.004608
      }
    },
    {
      "name": "ボーナス合算確率",
      "p": {
        "1": 0.004902, "2": 0.005305, "3": 0.005848,
        "4": 0.006452, "5": 0.007299, "6": 0.008772
      }
    },
    {
      "name": "絆高確移行率",
      "p": {
        "1": 0.150, "2": 0.175, "3": 0.200,
        "4": 0.240, "5": 0.290, "6": 0.370
      }
    },
    {
      "name": "スイカ確率",
      "p": {
        "1": 0.03846, "2": 0.04000, "3": 0.04167,
        "4": 0.04348, "5": 0.04545, "6": 0.04762
      }
    }
  ]
}
