{
  "machine_name": "スマスロ BLACK LAGOON4",
  "machine_kw": {
    "1": 0.976, "2": 0.991, "3": 1.007,
    "4": 1.026, "5": 1.054, "6": 1.096
  },
  "settings": ["1","2","3","4","5","6"],
  "elements": [
    {
      "name": "AT初当り確率",
      "p": {
        "1": 0.003145, "2": 0.003484, "3": 0.003906,
        "4": 0.004425, "5": 0.005155, "6": 0.006410
      }
    },
    {
      "name": "ロベルタモード突入率",
      "p": {
        "1": 0.360, "2": 0.395, "3": 0.440,
        "4": 0.496, "5": 0.571, "6": 0.681
      }
    },
    {
      "name": "スイカ確率",
      "p": {
        "1": 0.06250, "2": 0.06667, "3": 0.07143,
        "4": 0.07692, "5": 0.08333, "6": 0.09091
      }
    }
  ]
}
