{
  "machine_name": "スマスロエウレカセブンAO",
  "machine_kw": {
    "1": 0.979, "2": 0.990, "3": 1.005,
    "4": 1.020, "5": 1.050, "6": 1.110
  },
  "settings": ["1","2","3","4","5","6"],
  "elements": [
    {
      "name": "AT当選確率",
      "p": {
        "1": 0.002597,
        "2": 0.002841,
        "3": 0.003106,
        "4": 0.003322,
        "5": 0.003876,
        "6": 0.005525
      }
    },
    {
      "name": "疑似ボーナス確率",
      "p": {
        "1": 0.004167,
        "2": 0.004545,
        "3": 0.005000,
        "4": 0.005556,
        "5": 0.006250,
        "6": 0.008333
      }
    },
    {
      "name": "スイカ確率",
      "p": {
        "1": 0.022222,
        "2": 0.022727,
        "3": 0.023256,
        "4": 0.023810,
        "5": 0.025000,
        "6": 0.027027
      }
    },
    {
      "name": "強チェリー確率",
      "p": {
        "1": 0.003891,
        "2": 0.004132,
        "3": 0.004367,
        "4": 0.004785,
        "5": 0.005556,
        "6": 0.007692
      }
    }
  ]
}
