{
  "machine_name": "スマスロ北斗の拳 転生の章2",
  "machine_kw": {
    "1": 0.975, "2": 0.990, "3": 1.008,
    "4": 1.030, "5": 1.061, "6": 1.110
  },
  "settings": ["1","2","3","4","5","6"],
  "elements": [
    {
      "name": "AT初当り確率",
      "p": {
        "1": 0.002924, "2": 0.003215, "3": 0.003610,
        "4": 0.004115, "5": 0.004808, "6": 0.006061
      }
    },
    {
      "name": "世紀末モード突入率",
      "p": {
        "1": 0.348, "2": 0.383, "3": 0.428,
        "4": 0.486, "5": 0.562, "6": 0.673
      }
    },
    {
      "name": "スイカ確率",
      "p": {
        "1": 0.05882, "2": 0.06250, "3": 0.06667,
        "4": 0.07143, "5": 0.07692, "6": 0.08333
      }
    },
    {
      "name": "強チェリー確率",
      "p": {
        "1": 0.02174, "2": 0.02326, "3": 0.02500,
        "4": 0.02703, "5": 0.02941, "6": 0.03226
      }
    }
  ]
}
