{
  "machine_name": "スマスロ進撃の巨人",
  "machine_kw": {
    "1": 0.973, "2": 0.988, "3": 1.006,
    "4": 1.027, "5": 1.057, "6": 1.103
  },
  "settings": ["1","2","3","4","5","6"],
  "elements": [
    {
      "name": "AT初当り確率",
      "p": {
        "1": 0.002688, "2": 0.002994, "3": 0.003378,
        "4": 0.003861, "5": 0.004525, "6": 0.005714
      }
    },
    {
      "name": "立体機動突入率",
      "p": {
        "1": 0.320, "2": 0.352, "3": 0.393,
        "4": 0.445, "5": 0.516, "6": 0.626
      }
    },
    {
      "name": "スイカ確率",
      "p": {
        "1": 0.05882, "2": 0.06250, "3": 0.06667,
        "4": 0.07143, "5": 0.07692, "6": 0.08333
      }
    },
    {
      "name": "強チェリー確率",
      "p": {
        "1": 0.02174, "2": 0.02326, "3": 0.02500,
        "4": 0.02703, "5": 0.02941, "6": 0.03226
      }
    }
  ]
}
