{
  "machine_name": "スマスロ転生したらスライムだった件",
  "machine_kw": {
    "1": 0.975, "2": 0.990, "3": 1.007,
    "4": 1.027, "5": 1.056, "6": 1.099
  },
  "settings": ["1","2","3","4","5","6"],
  "elements": [
    {
      "name": "AT初当り確率",
      "p": {
        "1": 0.002857, "2": 0.003145, "3": 0.003521,
        "4": 0.003984, "5": 0.004651, "6": 0.005882
      }
    },
    {
      "name": "無双の刃突入率",
      "p": {
        "1": 0.340, "2": 0.374, "3": 0.417,
        "4": 0.471, "5": 0.545, "6": 0.655
      }
    },
    {
      "name": "スイカ確率",
      "p": {
        "1": 0.05882, "2": 0.06250, "3": 0.06667,
        "4": 0.07143, "5": 0.07692, "6": 0.08333
      }
    }
  ]
}
