{
  "machine_name": "スマスロSLUMP",
  "machine_kw": {
    "1": 0.980, "2": 0.998, "3": 1.015,
    "4": 1.048, "5": 1.085, "6": 1.140
  },
  "settings": ["1","2","3","4","5","6"],
  "elements": [
    {
      "name": "AT当選確率",
      "p": {
        "1": 0.003268,
        "2": 0.003597,
        "3": 0.003984,
        "4": 0.004608,
        "5": 0.005556,
        "6": 0.007752
      }
    },
    {
      "name": "ボーナス合算確率",
      "p": {
        "1": 0.005376,
        "2": 0.005882,
        "3": 0.006452,
        "4": 0.007194,
        "5": 0.008333,
        "6": 0.010989
      }
    },
    {
      "name": "スイカ確率",
      "p": {
        "1": 0.018868,
        "2": 0.019417,
        "3": 0.020000,
        "4": 0.020619,
        "5": 0.021739,
        "6": 0.023810
      }
    },
    {
      "name": "強チェリー確率",
      "p": {
        "1": 0.005319,
        "2": 0.005780,
        "3": 0.006410,
        "4": 0.007299,
        "5": 0.008621,
        "6": 0.011364
      }
    }
  ]
}
