{
  "machine_name": "スマスロ スーパーミラクルエース2",
  "machine_kw": {
    "1": 0.973, "2": 0.988, "3": 1.005,
    "4": 1.026, "5": 1.056, "6": 1.101
  },
  "settings": ["1","2","3","4","5","6"],
  "elements": [
    {
      "name": "BIG確率",
      "p": {
        "1": 0.003460, "2": 0.003891, "3": 0.004444,
        "4": 0.005155, "5": 0.006135, "6": 0.007519
      }
    },
    {
      "name": "REG確率",
      "p": {
        "1": 0.006623, "2": 0.007267, "3": 0.008065,
        "4": 0.009174, "5": 0.010638, "6": 0.012658
      }
    },
    {
      "name": "スイカ確率",
      "p": {
        "1": 0.04762, "2": 0.05000, "3": 0.05263,
        "4": 0.05556, "5": 0.05882, "6": 0.06250
      }
    }
  ]
}
