{
  "machine_name": "ソードアート・オンライン II",
  "machine_kw": {
    "1": 0.979, "2": 0.992, "3": 1.006,
    "4": 1.023, "5": 1.048, "6": 1.085
  },
  "settings": ["1","2","3","4","5","6"],
  "elements": [
    {
      "name": "AT初当り確率",
      "p": {
        "1": 0.002632, "2": 0.002857, "3": 0.003145,
        "4": 0.003497, "5": 0.003984, "6": 0.004762
      }
    },
    {
      "name": "SAO FINAL突入率",
      "p": {
        "1": 0.350, "2": 0.380, "3": 0.415,
        "4": 0.460, "5": 0.525, "6": 0.625
      }
    },
    {
      "name": "スイカ確率",
      "p": {
        "1": 0.05882, "2": 0.06250, "3": 0.06667,
        "4": 0.07143, "5": 0.07692, "6": 0.08333
      }
    }
  ]
}
