{
  "machine_name": "ソードアート・オンライン II",
  "machine_kw": {
    "1": 0.971, "2": 0.985, "3": 1.003,
    "4": 1.025, "5": 1.054, "6": 1.099
  },
  "settings": ["1","2","3","4","5","6"],
  "elements": [
    {
      "name": "AT初当り確率",
      "p": {
        "1": 0.002809, "2": 0.003096, "3": 0.003484,
        "4": 0.003984, "5": 0.004651, "6": 0.005882
      }
    },
    {
      "name": "バーストモード突入率",
      "p": {
        "1": 0.328, "2": 0.361, "3": 0.403,
        "4": 0.457, "5": 0.529, "6": 0.639
      }
    },
    {
      "name": "スイカ確率",
      "p": {
        "1": 0.05882, "2": 0.06250, "3": 0.06667,
        "4": 0.07143, "5": 0.07692, "6": 0.08333
      }
    }
  ]
}
