{
  "machine_name": "タクトオーパス デスティニー",
  "machine_kw": {
    "1": 0.979, "2": 0.991, "3": 1.005,
    "4": 1.022, "5": 1.046, "6": 1.084
  },
  "settings": ["1","2","3","4","5","6"],
  "elements": [
    {
      "name": "AT初当り確率",
      "p": {
        "1": 0.002688, "2": 0.002941, "3": 0.003257,
        "4": 0.003663, "5": 0.004237, "6": 0.005236
      }
    },
    {
      "name": "グランドフィナーレ突入率",
      "p": {
        "1": 0.380, "2": 0.412, "3": 0.450,
        "4": 0.498, "5": 0.562, "6": 0.660
      }
    },
    {
      "name": "スイカ確率",
      "p": {
        "1": 0.06250, "2": 0.06667, "3": 0.07143,
        "4": 0.07692, "5": 0.08333, "6": 0.09091
      }
    },
    {
      "name": "弱チェリー確率",
      "p": {
        "1": 0.05882, "2": 0.06250, "3": 0.06667,
        "4": 0.07143, "5": 0.07692, "6": 0.08333
      }
    }
  ]
}
