{
  "machine_name": "バイオハザード RE:3",
  "machine_kw": {
    "1": 0.976, "2": 0.990, "3": 1.007,
    "4": 1.027, "5": 1.052, "6": 1.090
  },
  "settings": ["1","2","3","4","5","6"],
  "elements": [
    {
      "name": "AT初当り確率",
      "p": {
        "1": 0.002618, "2": 0.002857, "3": 0.003145,
        "4": 0.003509, "5": 0.003984, "6": 0.004808
      }
    },
    {
      "name": "ネメシス決戦突破率",
      "p": {
        "1": 0.340, "2": 0.370, "3": 0.405,
        "4": 0.450, "5": 0.510, "6": 0.610
      }
    },
    {
      "name": "スイカ確率",
      "p": {
        "1": 0.06250, "2": 0.06667, "3": 0.07143,
        "4": 0.07692, "5": 0.08333, "6": 0.09091
      }
    },
    {
      "name": "強チェリー確率",
      "p": {
        "1": 0.005128, "2": 0.005556, "3": 0.006061,
        "4": 0.006757, "5": 0.007692, "6": 0.009346
      }
    }
  ]
}
