{
  "machine_name": "バジリスク絆2天膳",
  "machine_kw": {
    "1": 0.972, "2": 0.988, "3": 1.001,
    "4": 1.024, "5": 1.051, "6": 1.115
  },
  "settings": ["1","2","3","4","5","6"],
  "elements": [
    {
      "name": "当選率",
      "p": {
        "1": 0.006068,
        "2": 0.006493,
        "3": 0.006936,
        "4": 0.007519,
        "5": 0.008021,
        "6": 0.009434
      }
    },
    {
      "name": "BC当選確率",
      "p": {
        "1": 0.006068,
        "2": 0.006493,
        "3": 0.006936,
        "4": 0.007519,
        "5": 0.008021,
        "6": 0.009434
      }
    },
    {
      "name": "強チェリー確率",
      "p": {
        "1": 0.007752,
        "2": 0.007752,
        "3": 0.007752,
        "4": 0.007752,
        "5": 0.007752,
        "6": 0.009709
      }
    },
    {
      "name": "BC中カウンター前兆確率",
      "p": {
        "1": 0.350,
        "2": 0.360,
        "3": 0.380,
        "4": 0.410,
        "5": 0.440,
        "6": 0.500
      }
    }
  ]
}
