{
  "machine_name": "バーサスライジング",
  "machine_kw": {
    "1": 0.979, "2": 0.993, "3": 1.008,
    "4": 1.027, "5": 1.051, "6": 1.090
  },
  "settings": ["1","2","3","4","5","6"],
  "elements": [
    {
      "name": "AT初当り確率",
      "p": {
        "1": 0.002801, "2": 0.003067, "3": 0.003390,
        "4": 0.003802, "5": 0.004292, "6": 0.005102
      }
    },
    {
      "name": "RUSH突入率",
      "p": {
        "1": 0.420, "2": 0.455, "3": 0.495,
        "4": 0.545, "5": 0.610, "6": 0.700
      }
    },
    {
      "name": "スイカ確率",
      "p": {
        "1": 0.05882, "2": 0.06250, "3": 0.06667,
        "4": 0.07143, "5": 0.07692, "6": 0.08333
      }
    },
    {
      "name": "強チェリー確率",
      "p": {
        "1": 0.004717, "2": 0.005128, "3": 0.005618,
        "4": 0.006211, "5": 0.006944, "6": 0.008065
      }
    }
  ]
}
