{
  "machine_name": "バジリスク絆2",
  "machine_kw": {
    "1": 0.974, "2": 0.992, "3": 1.010,
    "4": 1.044, "5": 1.087, "6": 1.134
  },
  "settings": ["1","2","3","4","5","6"],
  "elements": [
    {
      "name": "BC当選確率",
      "p": {
        "1": 0.007519, "2": 0.008197, "3": 0.009009,
        "4": 0.010309, "5": 0.012195, "6": 0.015625
      }
    },
    {
      "name": "天膳BC確率",
      "p": {
        "1": 0.001503, "2": 0.001661, "3": 0.001838,
        "4": 0.002105, "5": 0.002500, "6": 0.003125
      }
    },
    {
      "name": "スイカ確率",
      "p": {
        "1": 0.019608, "2": 0.020000, "3": 0.020619,
        "4": 0.021277, "5": 0.022222, "6": 0.023810
      }
    },
    {
      "name": "チェリー確率",
      "p": {
        "1": 0.012500, "2": 0.012987, "3": 0.013514,
        "4": 0.014286, "5": 0.015385, "6": 0.017241
      }
    }
  ]
}
