{
  "machine_name": "パチスロ交響詩篇エウレカセブン",
  "machine_kw": {
    "1": 0.972, "2": 0.987, "3": 1.004,
    "4": 1.025, "5": 1.055, "6": 1.100
  },
  "settings": ["1","2","3","4","5","6"],
  "elements": [
    {
      "name": "AT初当り確率",
      "p": {
        "1": 0.002500, "2": 0.002740, "3": 0.003030,
        "4": 0.003401, "5": 0.003937, "6": 0.004975
      }
    },
    {
      "name": "チャンスゾーン突入率",
      "p": {
        "1": 0.340, "2": 0.370, "3": 0.408,
        "4": 0.455, "5": 0.520, "6": 0.625
      }
    },
    {
      "name": "スイカ確率",
      "p": {
        "1": 0.05556, "2": 0.05882, "3": 0.06250,
        "4": 0.06667, "5": 0.07143, "6": 0.07692
      }
    },
    {
      "name": "チェリー確率",
      "p": {
        "1": 0.03448, "2": 0.03704, "3": 0.04000,
        "4": 0.04348, "5": 0.04762, "6": 0.05263
      }
    }
  ]
}
