{
  "machine_name": "ピースオブケイクV",
  "machine_kw": {
    "1": 0.978, "2": 0.991, "3": 1.005,
    "4": 1.022, "5": 1.046, "6": 1.083
  },
  "settings": ["1","2","3","4","5","6"],
  "elements": [
    {
      "name": "AT初当り確率",
      "p": {
        "1": 0.003497, "2": 0.003876, "3": 0.004367,
        "4": 0.004975, "5": 0.005780, "6": 0.007067
      }
    },
    {
      "name": "チャンス目確率",
      "p": {
        "1": 0.04762, "2": 0.05128, "3": 0.05556,
        "4": 0.06061, "5": 0.06667, "6": 0.07407
      }
    },
    {
      "name": "スイカ確率",
      "p": {
        "1": 0.06250, "2": 0.06667, "3": 0.07143,
        "4": 0.07692, "5": 0.08333, "6": 0.09091
      }
    }
  ]
}
