{
  "machine_name": "マイジャグラー4",
  "machine_kw": {
    "1": 0.985, "2": 0.999, "3": 1.009,
    "4": 1.021, "5": 1.039, "6": 1.068
  },
  "settings": ["1","2","3","4","5","6"],
  "elements": [
    {
      "name": "BB確率",
      "p": {
        "1": 0.011799, "2": 0.012346, "3": 0.013333,
        "4": 0.014493, "5": 0.015625, "6": 0.017391
      }
    },
    {
      "name": "RB確率",
      "p": {
        "1": 0.013333, "2": 0.015152, "3": 0.017544,
        "4": 0.019608, "5": 0.023256, "6": 0.028571
      }
    },
    {
      "name": "合算確率",
      "p": {
        "1": 0.006369, "2": 0.006905, "3": 0.007752,
        "4": 0.008547, "5": 0.009709, "6": 0.011494
      }
    },
    {
      "name": "ぶどう確率",
      "p": {
        "1": 0.16667, "2": 0.17241, "3": 0.17857,
        "4": 0.18519, "5": 0.19231, "6": 0.20000
      }
    }
  ]
}
