{
  "machine_name": "ミスタージャグラー",
  "machine_kw": {
    "1": 0.980, "2": 0.994, "3": 1.008,
    "4": 1.022, "5": 1.040, "6": 1.062
  },
  "settings": ["1","2","3","4","5","6"],
  "elements": [
    {
      "name": "BB確率",
      "p": {
        "1": 0.010638, "2": 0.011494, "3": 0.012346,
        "4": 0.013333, "5": 0.014493, "6": 0.016129
      }
    },
    {
      "name": "RB確率",
      "p": {
        "1": 0.010638, "2": 0.011494, "3": 0.012346,
        "4": 0.013333, "5": 0.014493, "6": 0.016129
      }
    },
    {
      "name": "合算確率",
      "p": {
        "1": 0.005319, "2": 0.005747, "3": 0.006173,
        "4": 0.006667, "5": 0.007246, "6": 0.008065
      }
    }
  ]
}
