{
  "machine_name": "ルパン三世銭形総括",
  "machine_kw": {
    "1": 0.975, "2": 0.988, "3": 1.004,
    "4": 1.023, "5": 1.047, "6": 1.085
  },
  "settings": ["1","2","3","4","5","6"],
  "elements": [
    {
      "name": "AT初当り確率",
      "p": {
        "1": 0.002646, "2": 0.002890, "3": 0.003185,
        "4": 0.003559, "5": 0.004049, "6": 0.004902
      }
    },
    {
      "name": "RUSH突入率",
      "p": {
        "1": 0.360, "2": 0.390, "3": 0.425,
        "4": 0.470, "5": 0.530, "6": 0.630
      }
    },
    {
      "name": "スイカ確率",
      "p": {
        "1": 0.06250, "2": 0.06667, "3": 0.07143,
        "4": 0.07692, "5": 0.08333, "6": 0.09091
      }
    },
    {
      "name": "チェリー確率",
      "p": {
        "1": 0.07143, "2": 0.07692, "3": 0.08333,
        "4": 0.09091, "5": 0.10000, "6": 0.11111
      }
    }
  ]
}
