{
  "machine_name": "沖ドキ！DUO",
  "machine_kw": {
    "1": 0.969, "2": 0.982, "3": 1.000,
    "4": 1.020, "5": 1.049, "6": 1.093
  },
  "settings": ["1","2","3","4","5","6"],
  "elements": [
    {
      "name": "BIG確率",
      "p": {
        "1": 0.00400, "2": 0.00433, "3": 0.00474,
        "4": 0.00526, "5": 0.00602, "6": 0.00714
      }
    },
    {
      "name": "REG確率",
      "p": {
        "1": 0.00240, "2": 0.00279, "3": 0.00330,
        "4": 0.00400, "5": 0.00500, "6": 0.00649
      }
    },
    {
      "name": "合算確率",
      "p": {
        "1": 0.00150, "2": 0.00171, "3": 0.00198,
        "4": 0.00234, "5": 0.00286, "6": 0.00367
      }
    }
  ]
}
