{
  "machine_name": "沖ドキ！BLACK",
  "machine_kw": {
    "1": 0.968, "2": 0.981, "3": 0.999,
    "4": 1.020, "5": 1.048, "6": 1.091
  },
  "settings": ["1","2","3","4","5","6"],
  "elements": [
    {
      "name": "BIG確率",
      "p": {
        "1": 0.00389, "2": 0.00421, "3": 0.00461,
        "4": 0.00513, "5": 0.00585, "6": 0.00694
      }
    },
    {
      "name": "REG確率",
      "p": {
        "1": 0.00238, "2": 0.00277, "3": 0.00327,
        "4": 0.00397, "5": 0.00495, "6": 0.00641
      }
    },
    {
      "name": "合算確率",
      "p": {
        "1": 0.00147, "2": 0.00168, "3": 0.00195,
        "4": 0.00230, "5": 0.00282, "6": 0.00362
      }
    }
  ]
}
