{
  "machine_name": "沖ドキDUO",
  "machine_kw": {
    "1": 0.973, "2": 0.987, "3": 1.003,
    "4": 1.021, "5": 1.044, "6": 1.075
  },
  "settings": ["1","2","3","4","5","6"],
  "elements": [
    {
      "name": "ボーナス合算確率",
      "p": {
        "1": 0.003883, "2": 0.004265, "3": 0.004673,
        "4": 0.005155, "5": 0.005747, "6": 0.006803
      }
    },
    {
      "name": "ドキハナ確率",
      "p": {
        "1": 0.001195, "2": 0.001399, "3": 0.001598,
        "4": 0.001905, "5": 0.002198, "6": 0.002801
      }
    },
    {
      "name": "天国移行率",
      "p": {
        "1": 0.125, "2": 0.150, "3": 0.180,
        "4": 0.220, "5": 0.270, "6": 0.350
      }
    },
    {
      "name": "ブドウ確率",
      "p": {
        "1": 0.15385, "2": 0.15748, "3": 0.16129,
        "4": 0.16529, "5": 0.17094, "6": 0.17699
      }
    }
  ]
}
