{
  "machine_name": "沖ドキ！GOLD-30",
  "machine_kw": {
    "1": 0.967, "2": 0.980, "3": 0.998,
    "4": 1.019, "5": 1.047, "6": 1.090
  },
  "settings": ["1","2","3","4","5","6"],
  "elements": [
    {
      "name": "BIG確率",
      "p": {
        "1": 0.00381, "2": 0.00413, "3": 0.00452,
        "4": 0.00503, "5": 0.00575, "6": 0.00680
      }
    },
    {
      "name": "REG確率",
      "p": {
        "1": 0.00235, "2": 0.00274, "3": 0.00323,
        "4": 0.00392, "5": 0.00490, "6": 0.00634
      }
    },
    {
      "name": "合算確率",
      "p": {
        "1": 0.00144, "2": 0.00164, "3": 0.00190,
        "4": 0.00225, "5": 0.00276, "6": 0.00354
      }
    }
  ]
}
