{
  "machine_name": "清澄なる刻を刻みし乙女の幻奏2",
  "machine_kw": {
    "1": 0.978, "2": 0.991, "3": 1.007,
    "4": 1.026, "5": 1.050, "6": 1.090
  },
  "settings": ["1","2","3","4","5","6"],
  "elements": [
    {
      "name": "AT初当り確率",
      "p": {
        "1": 0.002801, "2": 0.003067, "3": 0.003390,
        "4": 0.003802, "5": 0.004367, "6": 0.005263
      }
    },
    {
      "name": "CRESCENDO突入率",
      "p": {
        "1": 0.380, "2": 0.415, "3": 0.455,
        "4": 0.505, "5": 0.570, "6": 0.670
      }
    },
    {
      "name": "スイカ確率",
      "p": {
        "1": 0.05882, "2": 0.06250, "3": 0.06667,
        "4": 0.07143, "5": 0.07692, "6": 0.08333
      }
    }
  ]
}
