{
  "machine_name": "転生したらスライムだった件",
  "machine_kw": {
    "1": 0.977, "2": 0.991, "3": 1.007,
    "4": 1.027, "5": 1.052, "6": 1.090
  },
  "settings": ["1","2","3","4","5","6"],
  "elements": [
    {
      "name": "AT初当り確率",
      "p": {
        "1": 0.002688, "2": 0.002924, "3": 0.003215,
        "4": 0.003584, "5": 0.004082, "6": 0.004926
      }
    },
    {
      "name": "リムル転生ラッシュ突入率",
      "p": {
        "1": 0.370, "2": 0.400, "3": 0.435,
        "4": 0.480, "5": 0.540, "6": 0.640
      }
    },
    {
      "name": "スイカ確率",
      "p": {
        "1": 0.06250, "2": 0.06667, "3": 0.07143,
        "4": 0.07692, "5": 0.08333, "6": 0.09091
      }
    },
    {
      "name": "弱チェリー確率",
      "p": {
        "1": 0.09091, "2": 0.09524, "3": 0.10000,
        "4": 0.10526, "5": 0.11111, "6": 0.12500
      }
    }
  ]
}
